,time,m_dot,delta_t,m_air,m_air_leakage,pwr,energy_in,energy_out,work_per_kg,total_work_per_kg,water_per_kg,fuel_per_kg,m_water,m_fuel,p_store,T_store,m_store,p0,p1,p2,p3,T0,T1,T2,T3,dp_pipe_f,dp_pipe_g,dp_well,error_msg,dT_pipe_ocean,dT_pipe_sub,dT_pipe
0,1e-06,0.0,1e-06,0.0,0.0,-0.0,0.0,0.0,0.0,0.0,0.0,0.0,0.0,0.0,14.0235,316.02152033,95270042.53048533,0.101325,11.92827266539808,14.0235,14.0235,290.0,290.0,316.02152033,316.02152033,0.0,-2.0952273346019212,0.0,,0.0,0.0,0.0
1,0.1030804361084196,574.3625466,0.1030794361084196,213137.88273116594,7459.825895590809,240583.39096037197,24799.200277246597,0.0,-410.1200632207271,-418.8702630151128,0.0,0.0,0.0,0.0,14.053775269679981,316.02152033,95475720.58732091,0.101325,13.990240242366545,14.312530782001915,14.0235,290.0,290.0,290.0,316.02152033,1.6711589155662225,-1.993449455201592,0.28903078200191423,,0.0,0.0,0.0
2,0.2061598722168392,574.3625466,0.1030794361084196,213137.88273116594,7459.825895590809,238407.2803812049,24574.888025836488,0.0,-406.41046961685987,-415.0815226244854,0.0,0.0,0.0,0.0,14.084050539359964,316.02152033,95681398.64415649,0.101325,13.380353571030469,14.270964922153015,14.053775269679981,290.0,290.0,290.0,316.02152033,1.4342715065282416,-2.324882857650788,0.21718965247303323,,0.0,0.0,0.0
3,0.3092393083252588,574.3625466,0.1030794361084196,213137.88273116594,7459.825895590809,239097.7258048926,24646.058750773853,0.0,-407.58746491850104,-416.2836299481172,0.0,0.0,0.0,0.0,14.114325809039945,316.02152033,95887076.70099206,0.101325,13.570924803354893,14.302320725544314,14.084050539359964,290.0,290.0,290.0,316.02152033,1.4963715059319294,-2.22776742812135,0.21827018618435012,,0.0,0.0,0.0
4,0.41231874443367844,574.3625466,0.1030794361084196,213137.88273116594,7459.825895590809,239022.08352787653,24638.26158751308,0.0,-407.45851829708977,-416.1519321599103,0.0,0.0,0.0,0.0,14.144601078719925,316.02152033,96092754.75782764,0.101325,13.54991492710687,14.331779987849602,14.114325809039945,290.0,290.0,290.0,316.02152033,1.4763355321847635,-2.2582005929274955,0.2174541788096569,,0.0,0.0,0.0
5,0.5153981805420981,574.3625466,0.1030794361084196,213137.88273116594,7459.825895590809,239148.19058682237,24651.26063203851,0.0,-407.6734917197397,-416.3714921916226,0.0,0.0,0.0,0.0,14.174876348399907,316.02152033,96298432.81466322,0.101325,13.584959666102744,14.361293584370182,14.144601078719925,290.0,290.0,290.0,316.02152033,1.4785153596821983,-2.254849277949636,0.21669250565025777,,0.0,0.0,0.0
6,0.6184776166505177,574.3625466,0.1030794361084196,213137.88273116594,7459.825895590809,239221.0742967583,24658.773443760198,0.0,-407.79773583986514,-416.4983871473738,0.0,0.0,0.0,0.0,14.205151618079887,316.02152033,96504110.8714988,0.101325,13.605255125395754,14.390810571037859,14.174876348399907,290.0,290.0,290.0,316.02152033,1.4748833334835774,-2.260438779125683,0.21593422263795148,,0.0,0.0,0.0
7,0.7215570527589373,574.3625466,0.1030794361084196,213137.88273116594,7459.825895590809,239307.80703687575,24667.71380570364,0.0,-407.9455882610913,-416.6493941039222,0.0,0.0,0.0,0.0,14.23542688775987,316.02152033,96709788.92833437,0.101325,13.629446549242004,14.420332230528,14.205151618079887,290.0,290.0,290.0,316.02152033,1.4727889235505562,-2.263674604836553,0.2151806124481137,,0.0,0.0,0.0
8,0.824636488867357,574.3625466,0.1030794361084196,213137.88273116594,7459.825895590809,239390.77845039335,24676.266452222153,0.0,-408.0870287870623,-416.7938523629238,0.0,0.0,0.0,0.0,14.26570215743985,316.02152033,96915466.98516995,0.101325,13.652629122924749,14.449858492142468,14.23542688775987,290.0,290.0,290.0,316.02152033,1.4703010440827138,-2.2675304133004333,0.21443160438259845,,0.0,0.0,0.0
9,0.9277159249757766,574.3625466,0.1030794361084196,213137.88273116594,7459.825895590809,239474.60519716135,24684.907266009803,0.0,-408.2299273909387,-416.9397998089476,0.0,0.0,0.0,0.0,14.295977427119832,316.02152033,97121145.04200552,0.101325,13.676090724165093,14.479389320402852,14.26570215743985,290.0,290.0,290.0,316.02152033,1.4679256267540912,-2.27122422299185,0.2136871629630015,,0.0,0.0,0.0
10,1.0307953610841962,574.3625466,0.1030794361084196,213137.88273116594,7459.825895590809,239558.07912000563,24693.511710906347,0.0,-408.3722245394556,-417.08513296713915,0.0,0.0,0.0,0.0,14.326252696799811,316.02152033,97326823.0988411,0.101325,13.699493640041693,14.508924679285485,14.295977427119832,290.0,290.0,290.0,316.02152033,1.46553025320627,-2.274961292450062,0.21294725216565347,,0.0,0.0,0.0
11,1.1338747971926157,574.3625466,0.1030794361084196,213137.88273116594,7459.825895590809,239641.5160443581,24702.112342019223,0.0,-408.5144586170193,-417.2304017087143,0.0,0.0,0.0,0.0,14.356527966479794,316.02152033,97532501.15567668,0.101325,13.722926204051266,14.53846453313279,14.326252696799811,290.0,290.0,290.0,316.02152033,1.4631494805017309,-2.278687809583257,0.2122118363329797,,0.0,0.0,0.0
12,1.2369542333010353,574.3625466,0.1030794361084196,213137.88273116594,7459.825895590809,239724.83370756268,24710.70067976022,0.0,-408.6564893913152,-417.37546280940364,0.0,0.0,0.0,0.0,14.386803236159775,316.02152033,97738179.21251225,0.101325,13.746365269319057,14.568008846626253,14.356527966479794,290.0,290.0,290.0,316.02152033,1.4607742621881135,-2.282417839495309,0.21148088014645872,,0.0,0.0,0.0
13,1.3400336694094548,574.3625466,0.1030794361084196,213137.88273116594,7459.825895590809,239808.05366916306,24719.27894647495,0.0,-408.7983536146789,-417.5203538056795,0.0,0.0,0.0,0.0,14.417078505839756,316.02152033,97943857.26934783,0.101325,13.76981681303739,14.597557584783232,14.386803236159775,290.0,290.0,290.0,316.02152033,1.4584069203469119,-2.286147692092755,0.21075434862345688,,0.0,0.0,0.0
14,1.4431131055178743,574.3625466,0.1030794361084196,213137.88273116594,7459.825895590809,239891.17045686254,24727.846578082157,0.0,-408.9400419585414,-417.6650651699415,0.0,0.0,0.0,0.0,14.447353775519739,316.02152033,98149535.32618341,0.101325,13.793279216504601,14.6271107129533,14.417078505839756,290.0,290.0,290.0,316.02152033,1.4560468178624142,-2.289878314311113,0.2100322071135441,,0.0,0.0,0.0
15,1.5461925416262938,574.3625466,0.1030794361084196,213137.88273116594,7459.825895590809,239974.18562723408,24736.403735032498,0.0,-409.081557076377,-417.8095996122775,0.0,0.0,0.0,0.0,14.477629045199718,316.02152033,98355213.38301899,0.101325,13.816752839490961,14.656668196814579,14.447353775519739,290.0,290.0,290.0,316.02152033,1.4536940867736017,-2.293609444097219,0.2093144212948399,,0.0,0.0,0.0
16,1.6492719777347133,574.3625466,0.1030794361084196,213137.88273116594,7459.825895590809,240057.09891396624,24744.950389874746,0.0,-409.2228985142074,-417.9539566690233,0.0,0.0,0.0,0.0,14.5079043148797,316.02152033,98560891.43985456,0.101325,13.840237527796269,14.686230002370134,14.477629045199718,290.0,290.0,290.0,316.02152033,1.4513486596327383,-2.297341134206604,0.20860095717041638,,0.0,0.0,0.0
17,1.7523514138431329,574.3625466,0.1030794361084196,213137.88273116594,7459.825895590809,240139.91052458028,24753.48656400007,0.0,-409.36406662579174,-418.09813670148577,0.0,0.0,0.0,0.0,14.538179584559678,316.02152033,98766569.49669014,0.101325,13.863733261056385,14.715796095944444,14.5079043148797,290.0,290.0,290.0,316.02152033,1.4490105207625357,-2.301073355650595,0.20789178106474537,,0.0,0.0,0.0
18,1.8554308499515524,574.3625466,0.1030794361084196,213137.88273116594,7459.825895590809,240222.62054542484,24762.012266309244,0.0,-409.5050615583278,-418.24213986000325,0.0,0.0,0.0,0.0,14.568454854239663,316.02152033,98972247.55352572,0.101325,13.88723998463616,14.745366444179865,14.538179584559678,290.0,290.0,290.0,316.02152033,1.446679641186437,-2.304806100730143,0.20718685962018668,,0.0,0.0,0.0
19,1.958510286059972,574.3625466,0.1030794361084196,213137.88273116594,7459.825895590809,240305.22909554542,24770.527509073407,0.0,-409.64588351475123,-418.3859663518412,0.0,0.0,0.0,0.0,14.598730123919642,316.02152033,99177925.6103613,0.101325,13.910757653180168,14.774941014033177,14.568454854239663,290.0,290.0,290.0,316.02152033,1.4443559954541034,-2.3085393563071133,0.20648615979351348,,0.0,0.0,0.0
20,2.0615897221683914,574.3625466,0.1030794361084196,213137.88273116594,7459.825895590809,240387.73628692378,24779.03230383558,0.0,-409.7865326859562,-418.5296163719666,0.0,0.0,0.0,0.0,14.629005393599623,316.02152033,99383603.66719687,0.101325,13.934286219343868,14.80451977277213,14.598730123919642,290.0,290.0,290.0,316.02152033,1.4420395572982656,-2.31227311072653,0.20578964885248752,,0.0,0.0,0.0
21,2.164669158276811,574.3625466,0.1030794361084196,213137.88273116594,7459.825895590809,240470.14223470393,24787.526662464737,0.0,-409.9270092682276,-418.6730901208522,0.0,0.0,0.0,0.0,14.659280663279604,316.02152033,99589281.72403245,0.101325,13.95782563670073,14.834102687972104,14.629005393599623,290.0,290.0,290.0,316.02152033,1.439730300754674,-2.316007352026048,0.20509729437248048,,0.0,0.0,0.0
22,2.267748594385231,574.3625466,0.1030794361084196,213137.88273116594,7459.825895590809,240552.4470545345,24796.01059688188,0.0,-410.0673134587102,-418.8163877998491,0.0,0.0,0.0,0.0,14.689555932959586,316.02152033,99794959.78086802,0.101325,13.98137585898932,14.863689727512725,14.659280663279604,290.0,290.0,290.0,316.02152033,1.4374281998743423,-2.3197420683977477,0.20440906423312022,,0.0,0.0,0.0
23,2.3708280304936507,574.3625466,0.1030794361084196,213137.88273116594,7459.825895590809,240634.6508632265,24804.484119127814,0.0,-410.207445456531,-418.9595096123326,0.0,0.0,0.0,0.0,14.719831202639567,316.02152033,100000637.8377036,0.101325,14.004936840303923,14.893280859574578,14.689555932959586,290.0,290.0,290.0,316.02152033,1.4351332287979488,-2.323477248068602,0.20372492661499209,,0.0,0.0,0.0
24,2.4739074666020704,574.3625466,0.1030794361084196,213137.88273116594,7459.825895590809,240716.753778561,24812.94724134335,0.0,-410.34740546246974,-419.1024557633665,0.0,0.0,0.0,0.0,14.75010647231955,316.02152033,100206315.89453918,0.101325,14.028508535042356,14.922876052635939,14.719831202639567,290.0,290.0,290.0,316.02152033,1.432845361737177,-2.3272128793307587,0.20304484999637218,,0.0,0.0,0.0
25,2.57698690271049,574.3625466,0.1030794361084196,213137.88273116594,7459.825895590809,240798.7559193134,24821.399975771794,0.0,-410.4871936790019,-419.245226459746,0.0,0.0,0.0,0.0,14.78038174199953,316.02152033,100411993.95137475,0.101325,14.052090897916194,14.952475275469553,14.75010647231955,290.0,290.0,290.0,316.02152033,1.4305645729799206,-2.330948950533279,0.20236880315000327,,0.0,0.0,0.0
26,2.68006633881891,574.3625466,0.1030794361084196,213137.88273116594,7459.825895590809,240880.65740522384,24829.842334755882,0.0,-410.6268103102472,-419.387821909946,0.0,0.0,0.0,0.0,14.81065701167951,316.02152033,100617672.00821033,0.101325,14.075683883945004,14.982078497139442,14.78038174199953,290.0,290.0,290.0,316.02152033,1.4282908368893479,-2.334685450083786,0.2016967551399116,,0.0,0.0,0.0
27,2.7831457749273296,574.3625466,0.1030794361084196,213137.88273116594,7459.825895590809,240962.45835698105,24838.274330736145,0.0,-410.76625556194256,-419.53024232409285,0.0,0.0,0.0,0.0,14.840932281359493,316.02152033,100823350.06504591,0.101325,14.099287448454731,15.011685686997765,14.81065701167951,290.0,290.0,290.0,316.02152033,1.4260241279045338,-2.338422366447566,0.20102867531825552,,0.0,0.0,0.0
28,2.8862252110357494,574.3625466,0.1030794361084196,213137.88273116594,7459.825895590809,241044.1588962037,24846.69597624897,0.0,-410.90552964140994,-419.672487913932,0.0,0.0,0.0,0.0,14.871207551039472,316.02152033,101029028.12188148,0.101325,14.122901547075045,15.041296814681717,14.840932281359493,290.0,290.0,290.0,316.02152033,1.4237644205406654,-2.342159688147338,0.20036453332222415,,0.0,0.0,0.0
29,2.989304647144169,574.3625466,0.1030794361084196,213137.88273116594,7459.825895590809,241125.75914542185,24855.107283924684,0.0,-411.0446327575253,-419.8145588927958,0.0,0.0,0.0,0.0,14.901482820719455,316.02152033,101234706.17871706,0.101325,14.146526135736917,15.070911850110427,14.871207551039472,290.0,290.0,290.0,316.02152033,1.4215116893893411,-2.3458974037628506,0.19970429907095522,,0.0,0.0,0.0
30,3.092384083252589,574.3625466,0.1030794361084196,213137.88273116594,7459.825895590809,241207.25922805947,24863.50826648576,0.0,-411.183565120688,-419.95645547557274,0.0,0.0,0.0,0.0,14.931758090399434,316.02152033,101440384.23555264,0.101325,14.170161170670276,15.10053076348196,14.901482820719455,290.0,290.0,290.0,316.02152033,1.4192659091188424,-2.349635501930525,0.1990479427625047,,0.0,0.0,0.0
31,3.1954635193610086,574.3625466,0.1030794361084196,213137.88273116594,7459.825895590809,241288.65926841644,24871.898936744958,0.0,-411.32232694279094,-420.0981778786765,0.0,0.0,0.0,0.0,14.962033360079415,316.02152033,101646062.29238822,0.101325,14.19380660840156,15.130153525270286,14.931758090399434,290.0,290.0,290.0,316.02152033,1.417027054474378,-2.353373971343102,0.19839543487085187,,0.0,0.0,0.0
32,3.2985429554694283,574.3625466,0.1030794361084196,213137.88273116594,7459.825895590809,241369.9593916516,24880.279307603585,0.0,-411.46091843719114,-420.2397263200163,0.0,0.0,0.0,0.0,14.992308629759394,316.02152033,101851740.3492238,0.101325,14.217462405751425,15.15978010622235,14.962033360079415,290.0,290.0,290.0,316.02152033,1.4147951002783425,-2.357112800749268,0.19774674614293453,,0.0,0.0,0.0
33,3.401622391577848,574.3625466,0.1030794361084196,213137.88273116594,7459.825895590809,241451.15972376507,24888.649392049658,0.0,-411.5993398186796,-420.3811010189658,0.0,0.0,0.0,0.0,15.022583899439377,316.02152033,102057418.40605937,0.101325,14.241128519832323,15.189410477355114,14.992308629759394,290.0,290.0,290.0,316.02152033,1.412570021430538,-2.360851978953328,0.1971018475957198,,0.0,0.0,0.0
34,3.504701827686268,574.3625466,0.1030794361084196,213137.88273116594,7459.825895590809,241532.26039158157,24897.009203156198,0.0,-411.7375913034533,-420.52230219633475,0.0,0.0,0.0,0.0,15.052859169119358,316.02152033,102263096.46289495,0.101325,14.264804908046269,15.219044609952695,15.022583899439377,290.0,290.0,290.0,316.02152033,1.4103517929084037,-2.364591494814829,0.1964607105133176,,0.0,0.0,0.0
35,3.6077812637946876,574.3625466,0.1030794361084196,213137.88273116594,7459.825895590809,241613.26152273384,24905.35875407952,0.0,-411.87567310908634,-420.6633300743393,0.0,0.0,0.0,0.0,15.08313443879934,316.02152033,102468774.51973052,0.101325,14.288491528082467,15.248682475563477,15.052859169119358,290.0,290.0,290.0,316.02152033,1.4081403897672229,-2.368331337248233,0.19582330644411883,,0.0,0.0,0.0
36,3.7108606999031073,574.3625466,0.1030794361084196,213137.88273116594,7459.825895590809,241694.16324564588,24913.69805805749,0.0,-412.0135854545017,-420.80418487657334,0.0,0.0,0.0,0.0,15.113409708479322,316.02152033,102674452.5765661,0.101325,14.312188337915078,15.278324045997314,15.08313443879934,290.0,290.0,290.0,316.02152033,1.4059357871403244,-2.3720714952225603,0.19518960719797462,,0.0,0.0,0.0
37,3.813940136011527,574.3625466,0.1030794361084196,213137.88273116594,7459.825895590809,241774.9656895166,24922.02712840787,0.0,-412.15132855994375,-420.94486682798026,0.0,0.0,0.0,0.0,15.143684978159301,316.02152033,102880130.63340168,0.101325,14.335895295800947,15.307969293322731,15.113409708479322,290.0,290.0,290.0,316.02152033,1.4037379602392763,-2.375811957761061,0.19455958484340918,,0.0,0.0,0.0
38,3.917019572119947,574.3625466,0.1030794361084196,213137.88273116594,7459.825895590809,241855.66898430436,24930.34597852668,0.0,-412.288902646951,-421.08537615482527,0.0,0.0,0.0,0.0,15.173960247839283,316.02152033,103085808.69023725,0.101325,14.359612360277348,15.337618189864157,15.143684978159301,290.0,290.0,290.0,316.02152033,1.4015468843540577,-2.3795527139408654,0.19393321170485578,,0.0,0.0,0.0
39,4.0200990082283665,574.3625466,0.1030794361084196,213137.88273116594,7459.825895590809,241936.27326071062,24938.654621886566,0.0,-412.4263079383289,-421.2257130846676,0.0,0.0,0.0,0.0,15.204235517519265,316.02152033,103291486.74707283,0.101325,14.383339490159807,15.367270708199232,15.173960247839283,290.0,290.0,290.0,316.02152033,1.3993625348532357,-2.38329375289266,0.1933104603599496,,0.0,0.0,0.0
40,4.123178444336786,574.3625466,0.1030794361084196,213137.88273116594,7459.825895590809,242016.77865016446,24946.953072035154,0.0,-412.5635446581233,-421.3658778463332,0.0,0.0,0.0,0.0,15.234510787199246,316.02152033,103497164.80390841,0.101325,14.407076644539849,15.396926821156082,15.204235517519265,290.0,290.0,290.0,316.02152033,1.3971848871841208,-2.3870350638003535,0.19269130363681697,,0.0,0.0,0.0
41,4.226257880445206,574.3625466,0.1030794361084196,213137.88273116594,7459.825895590809,242097.1852848075,24955.241342593534,0.0,-412.7006130315946,-421.5058706698886,0.0,0.0,0.0,0.0,15.264786056879226,316.02152033,103702842.86074398,0.101325,14.430823782782863,15.426586501810682,15.234510787199246,290.0,290.0,290.0,316.02152033,1.3950139168729216,-2.390776635900742,0.1920757146114358,,0.0,0.0,0.0
42,4.329337316553626,574.3625466,0.1030794361084196,213137.88273116594,7459.825895590809,242177.49329747813,24963.519447254614,0.0,-412.8375132851913,-421.64569178661367,0.0,0.0,0.0,0.0,15.295061326559207,316.02152033,103908520.91757956,0.101325,14.45458086452591,15.456249723484227,15.264786056879226,290.0,290.0,290.0,316.02152033,1.3928495995248786,-2.394518458483196,0.19146366660500114,,0.0,0.0,0.0
43,4.4324167526620455,574.3625466,0.1030794361084196,213137.88273116594,7459.825895590809,242257.70282169717,24971.787399781635,0.0,-412.97424564652476,-421.7853414289761,0.0,0.0,0.0,0.0,15.325336596239188,316.02152033,104114198.97441514,0.101325,14.478347849675595,15.485916459740528,15.295061326559207,290.0,290.0,290.0,316.02152033,1.3906919108243982,-2.3982605208893317,0.19085513318132108,,0.0,0.0,0.0
44,4.535496188770465,574.3625466,0.1030794361084196,213137.88273116594,7459.825895590809,242337.8139916529,24980.045214006655,0.0,-413.1108103443444,-421.9248198306057,0.0,0.0,0.0,0.0,15.355611865919169,316.02152033,104319877.03125072,0.101325,14.502124698405952,15.515586684383456,15.325336596239188,290.0,290.0,290.0,316.02152033,1.388540826535181,-2.402002812512686,0.1902500881442677,,0.0,0.0,0.0
45,4.638575624878885,574.3625466,0.1030794361084196,213137.88273116594,7459.825895590809,242417.8269421862,24988.292903829002,0.0,-413.2472076085121,-422.0641272262689,0.0,0.0,0.0,0.0,15.385887135599152,316.02152033,104525555.08808629,0.101325,14.525911371156313,15.545260371454402,15.355611865919169,290.0,290.0,290.0,316.02152033,1.386396322500323,-2.405745322798412,0.18964850553523327,,0.0,0.0,0.0
46,4.741655060987305,574.3625466,0.1030794361084196,213137.88273116594,7459.825895590809,242497.74180877657,24996.530483213817,0.0,-413.38343766997855,-422.20326385184353,0.0,0.0,0.0,0.0,15.416162405279131,316.02152033,104731233.14492187,0.101325,14.549707828629243,15.574937495229774,15.385887135599152,290.0,290.0,290.0,316.02152033,1.384258374642429,-2.409488041242961,0.1890503596306221,,0.0,0.0,0.0
47,4.8447344970957245,574.3625466,0.1030794361084196,213137.88273116594,7459.825895590809,242577.5587275279,25004.757966190617,0.0,-413.5195007607585,-422.3422299442948,0.0,0.0,0.0,0.0,15.446437674959114,316.02152033,104936911.20175745,0.101325,14.573514031788463,15.604618030218521,15.416162405279131,290.0,290.0,290.0,316.02152033,1.3821269589637075,-2.413230957393765,0.18845562493939028,,0.0,0.0,0.0
48,4.947813933204144,574.3625466,0.1030794361084196,213137.88273116594,7459.825895590809,242657.27783515461,25012.975366851846,0.0,-413.6553971139076,-422.4810257416507,0.0,0.0,0.0,0.0,15.476712944639093,316.02152033,105142589.25859302,0.101325,14.597329941856811,15.6343019511597,15.446437674959114,290.0,290.0,290.0,316.02152033,1.3800020515460527,-2.416974060848942,0.18786427620058532,,0.0,0.0,0.0
49,5.050893369312564,574.3625466,0.1030794361084196,213137.88273116594,7459.825895590809,242736.89926896745,25021.182699351415,0.0,-413.79112696349813,-422.61965148297753,0.0,0.0,0.0,0.0,15.506988214319074,316.02152033,105348267.3154286,0.101325,14.621155520314183,15.66398923302003,15.476712944639093,290.0,290.0,290.0,316.02152033,1.3778836285511304,-2.420717341256978,0.18727628838093757,,0.0,0.0,0.0
50,5.153972805420984,574.3625466,0.1030794361084196,213137.88273116594,7459.825895590809,242816.42316686036,25029.379977903358,0.0,-413.9266905445966,-422.7581074083572,0.0,0.0,0.0,0.0,15.537263483999055,316.02152033,105553945.37226418,0.101325,14.644990728895554,15.693679850991542,15.506988214319074,290.0,290.0,290.0,316.02152033,1.3757716662204453,-2.4244607883164337,0.18669163667246735,,0.0,0.0,0.0
51,5.257052241529403,574.3625466,0.1030794361084196,213137.88273116594,7459.825895590809,242895.849667297,25037.567216780433,0.0,-414.06208809324056,-422.8963937588632,0.0,0.0,0.0,0.0,15.567538753679038,316.02152033,105759623.42909975,0.101325,14.668835529588954,15.72337378048919,15.537263483999055,290.0,290.0,290.0,316.02152033,1.373666140875404,-2.4282043917756413,0.18611029649013489,,0.0,0.0,0.0
52,5.360131677637823,574.3625466,0.1030794361084196,213137.88273116594,7459.825895590809,242975.1789092974,25045.74443031274,0.0,-414.1973198464159,-423.0345107765378,0.0,0.0,0.0,0.0,15.59781402335902,316.02152033,105965301.48593533,0.101325,14.692689884633491,15.75307099714853,15.567538753679038,290.0,290.0,290.0,316.02152033,1.3715670289173734,-2.43194814143241,0.18553224346949193,,0.0,0.0,0.0
53,5.463211113746243,574.3625466,0.1030794361084196,213137.88273116594,7459.825895590809,243054.411032425,25053.911632886407,0.0,-414.3323860420353,-423.17245870436955,0.0,0.0,0.0,0.0,15.628089293038999,316.02152033,106170979.5427709,0.101325,14.71655375651741,15.782771476823411,15.59781402335902,290.0,290.0,290.0,316.02152033,1.369474306827725,-2.4356920271337263,0.18495745346439207,,0.0,0.0,0.0
54,5.566290549854663,574.3625466,0.1030794361084196,213137.88273116594,7459.825895590809,243133.546176774,25062.06883894226,0.0,-414.46728691891553,-423.31023778627076,0.0,0.0,0.0,0.0,15.658364562718978,316.02152033,106376657.59960648,0.101325,14.74042710797611,15.812475195583705,15.628089293038999,290.0,290.0,290.0,316.02152033,1.3673879511678784,-2.4394360387754714,0.18438590254470633,,0.0,0.0,0.0
55,5.669369985963082,574.3625466,0.1030794361084196,213137.88273116594,7459.825895590809,243212.58448295647,25070.216062974516,0.0,-414.60202271675684,-423.44784826705563,0.0,0.0,0.0,0.0,15.688639832398962,316.02152033,106582335.65644206,0.101325,14.764309901990263,15.842182129713052,15.658364562718978,290.0,290.0,290.0,316.02152033,1.3653079385793325,-2.44318016630212,0.18381756699407426,,0.0,0.0,0.0
56,5.772449422071502,574.3625466,0.1030794361084196,213137.88273116594,7459.825895590809,243291.52609208986,25078.353319529477,0.0,-414.73659367612066,-423.58529039241824,0.0,0.0,0.0,0.0,15.718915102078943,316.02152033,106788013.71327764,0.101325,14.78820210178386,15.871892255706635,15.688639832398962,290.0,290.0,290.0,316.02152033,1.3632342457836948,-2.4469243997064707,0.18325242330767288,,0.0,0.0,0.0
57,5.875528858179922,574.3625466,0.1030794361084196,213137.88273116594,7459.825895590809,243370.37114578477,25086.480623204287,0.0,-414.8710000384091,-423.72256440891124,0.0,0.0,0.0,0.0,15.749190371758923,316.02152033,106993691.77011321,0.101325,14.812103670822317,15.901605550268972,15.718915102078943,290.0,290.0,290.0,316.02152033,1.3611668495826927,-2.4506687290293465,0.18269044819002822,,0.0,0.0,0.0
58,5.978608294288342,574.3625466,0.1030794361084196,213137.88273116594,7459.825895590809,243449.119786133,25094.597988645688,0.0,-415.00524204584457,-423.85967056392496,0.0,0.0,0.0,0.0,15.779465641438907,316.02152033,107199369.82694879,0.101325,14.836014572810644,15.931321990311762,15.749190371758923,290.0,290.0,290.0,316.02152033,1.3591057268582005,-2.4544131443593176,0.18213161855283921,,0.0,0.0,0.0
59,6.081687730396761,574.3625466,0.1030794361084196,213137.88273116594,7459.825895590809,243527.77215569513,25102.70543054874,0.0,-415.1393199414487,-423.9966091056661,0.0,0.0,0.0,0.0,15.809740911118887,316.02152033,107405047.88378437,0.101325,14.85993477169153,15.96104155295173,15.779465641438907,290.0,290.0,290.0,316.02152033,1.3570508545722286,-2.45815763583243,0.18157591151282304,,0.0,0.0,0.0
60,6.184767166505181,574.3625466,0.1030794361084196,213137.88273116594,7459.825895590809,243606.32839748907,25110.802963655657,0.0,-415.2732339690228,-424.1333802831375,0.0,0.0,0.0,0.0,15.840016180798866,316.02152033,107610725.94061995,0.101325,14.883864231643503,15.990764215508491,15.809740911118887,290.0,290.0,290.0,316.02152033,1.3550022097669339,-2.4619021936319214,0.1810233043896048,,0.0,0.0,0.0
61,6.287846602613601,574.3625466,0.1030794361084196,213137.88273116594,7459.825895590809,243684.78865497847,25118.890602754585,0.0,-415.4069843731276,-424.269984346118,0.0,0.0,0.0,0.0,15.870291450478849,316.02152033,107816403.99745552,0.101325,14.907802917079133,16.020489955502477,15.840016180798866,290.0,290.0,290.0,316.02152033,1.3529597695646078,-2.46564680798795,0.18047377470361248,,0.0,0.0,0.0
62,6.390926038722021,574.3625466,0.1030794361084196,213137.88273116594,7459.825895590809,243763.15307206096,25126.968362678414,0.0,-415.5405713990641,-424.40642154514217,0.0,0.0,0.0,0.0,15.900566720158832,316.02152033,108022082.0542911,0.101325,14.931750792643193,16.05021875065285,15.870291450478849,290.0,290.0,290.0,316.02152033,1.3509235111676656,-2.4693914691773213,0.1799273001740005,,0.0,0.0,0.0
63,6.49400547483044,574.3625466,0.1030794361084196,213137.88273116594,7459.825895590809,243841.42179305688,25135.0362583036,0.0,-415.6739952928538,-424.54269213148046,0.0,0.0,0.0,0.0,15.930841989838811,316.02152033,108227760.11112668,0.101325,14.955707823210842,16.07995057887544,15.900566720158832,290.0,290.0,290.0,316.02152033,1.3488934118586247,-2.4731361675232244,0.17938385871661033,,0.0,0.0,0.0
64,6.59708491093886,574.3625466,0.1030794361084196,213137.88273116594,7459.825895590809,243919.59496269844,25143.09430454906,0.0,-415.8072563012201,-424.67879635712035,0.0,0.0,0.0,0.0,15.961117259518792,316.02152033,108433438.16796225,0.101325,14.979673973885877,16.109685418280755,15.930841989838811,290.0,290.0,290.0,316.02152033,1.3468694490000792,-2.476880893394956,0.178843428441942,,0.0,0.0,0.0
65,6.70016434704728,574.3625466,0.1030794361084196,213137.88273116594,7459.825895590809,243997.67272611836,25151.142516374995,0.0,-415.9403546715693,-424.8147344747468,0.0,0.0,0.0,0.0,15.991392529198771,316.02152033,108639116.22479783,0.101325,15.00364920999894,16.139423247171933,15.961117259518792,290.0,290.0,290.0,316.02152033,1.3448516000346722,-2.480625637207667,0.1783059876531432,,0.0,0.0,0.0
66,6.8032437831556996,574.3625466,0.1030794361084196,213137.88273116594,7459.825895590809,244075.65522883923,25159.180908781782,0.0,-416.0732906519723,-424.95050673772334,0.0,0.0,0.0,0.0,16.021667798878756,316.02152033,108844794.2816334,0.101325,15.027633497105779,16.169164044042816,15.991392529198771,290.0,290.0,290.0,316.02152033,1.3428398424850532,-2.4843703894220885,0.17777151484404463,,0.0,0.0,0.0
67,6.906323219264119,574.3625466,0.1030794361084196,213137.88273116594,7459.825895590809,244153.5426167627,25167.209496808893,0.0,-416.20606449114615,-425.0861134000737,0.0,0.0,0.0,0.0,16.051943068558735,316.02152033,109050472.33846898,0.101325,15.051626800985506,16.19890778757595,16.021667798878756,290.0,290.0,290.0,316.02152033,1.3408341539538389,-2.4881151405442843,0.17723998869719537,,0.0,0.0,0.0
68,7.009402655372539,574.3625466,0.1030794361084196,213137.88273116594,7459.825895590809,244231.33503615903,25175.228295533776,0.0,-416.3386764384363,-425.22155471646323,0.0,0.0,0.0,0.0,16.082218338238714,316.02152033,109256150.39530456,0.101325,15.075629087638848,16.22865445664067,16.051943068558735,290.0,290.0,290.0,316.02152033,1.3388345121235643,-2.4918598811253863,0.17671138808193376,,0.0,0.0,0.0
69,7.112482091480959,574.3625466,0.1030794361084196,213137.88273116594,7459.825895590809,244309.03263365664,25183.23732007081,0.0,-416.4711267437986,-425.3568309421808,0.0,0.0,0.0,0.0,16.1124936079187,316.02152033,109461828.45214014,0.101325,15.099640323286486,16.258404030291192,16.082218338238714,290.0,290.0,290.0,316.02152033,1.3368408947566315,-2.495604601761337,0.1761856920524778,,0.0,0.0,0.0
70,7.2155615275893785,574.3625466,0.1030794361084196,213137.88273116594,7459.825895590809,244386.63555623183,25191.236585570226,0.0,-416.60341565778236,-425.49194233312124,0.0,0.0,0.0,0.0,16.14276887759868,316.02152033,109667506.50897571,0.101325,15.12366047436733,16.288156487764727,16.1124936079187,290.0,290.0,290.0,316.02152033,1.3348532796952457,-2.499349293092642,0.17566287984602624,,0.0,0.0,0.0
71,7.318640963697798,574.3625466,0.1030794361084196,213137.88273116594,7459.825895590809,244464.1439511989,25199.2261072171,0.0,-416.73554343151244,-425.6268891457675,0.0,0.0,0.0,0.0,16.17304414727866,316.02152033,109873184.56581129,0.101325,15.147689507536827,16.31791180847959,16.14276887759868,290.0,290.0,290.0,316.02152033,1.3328716448613565,-2.5030939458041193,0.17514293088090938,,0.0,0.0,0.0
72,7.421720399806218,574.3625466,0.1030794361084196,213137.88273116594,7459.825895590809,244541.55796619988,25207.20590023029,0.0,-416.8675103166728,-425.7616716371734,0.0,0.0,0.0,0.0,16.203319416958642,316.02152033,110078862.62264687,0.101325,15.171727389665334,16.34766997203339,16.17304414727866,290.0,290.0,290.0,316.02152033,1.3308959682565873,-2.5068385506246442,0.17462582475473098,,0.0,0.0,0.0
73,7.524799835914638,574.3625466,0.1030794361084196,213137.88273116594,7459.825895590809,244618.87774919465,25215.175979861415,0.0,-416.99931656548927,-425.896290064946,0.0,0.0,0.0,0.0,16.233594686638625,316.02152033,110284540.67948245,0.101325,15.195774087836435,16.377430958201185,16.203319416958642,290.0,290.0,290.0,316.02152033,1.3289262279621616,-2.5105830983269097,0.17411154124254224,,0.0,0.0,0.0
74,7.6278792720230575,574.3625466,0.1030794361084196,213137.88273116594,7459.825895590809,244696.10344845193,25223.136361393932,0.0,-417.1309624307139,-426.03074468723014,0.0,0.0,0.0,0.0,16.263869956318604,316.02152033,110490218.73631802,0.101325,15.219829569345324,16.407194746933676,16.233594686638625,290.0,290.0,290.0,316.02152033,1.3269624021388238,-2.5143275797271785,0.17360006029505115,,0.0,0.0,0.0
75,7.730958708131477,574.3625466,0.1030794361084196,213137.88273116594,7459.825895590809,244773.2352125388,25231.087060142057,0.0,-417.26244816560757,-426.1650357626902,0.0,0.0,0.0,0.0,16.294145225998584,316.02152033,110695896.7931536,0.101325,15.243893801697151,16.43696131835544,16.263869956318604,290.0,290.0,290.0,316.02152033,1.3250044690267566,-2.518071985685043,0.1730913620368355,,0.0,0.0,0.0
76,7.834038144239897,574.3625466,0.1030794361084196,213137.88273116594,7459.825895590809,244850.27319031212,25239.02809144986,0.0,-417.39377402392495,-426.2991635504948,0.0,0.0,0.0,0.0,16.324420495678567,316.02152033,110901574.84998918,0.101325,15.267966752605467,16.46673065276315,16.294145225998584,290.0,290.0,290.0,316.02152033,1.3230524069454952,-2.521816307103179,0.17258542676456656,,0.0,0.0,0.0
77,7.937117580348317,574.3625466,0.1030794361084196,213137.88273116594,7459.825895590809,244927.21753090856,25246.95947069028,0.0,-417.524940259898,-426.43312831030016,0.0,0.0,0.0,0.0,16.354695765358546,316.02152033,111107252.90682475,0.101325,15.292048389990569,16.496502730623856,16.324420495678567,290.0,290.0,290.0,316.02152033,1.3211061942938325,-2.5255605349271195,0.17208223494528951,,0.0,0.0,0.0
78,8.040197016456736,574.3625466,0.1030794361084196,213137.88273116594,7459.825895590809,245004.0683837361,25254.88121326419,0.0,-417.65594712822076,-426.5669303022345,0.0,0.0,0.0,0.0,16.38497103503853,316.02152033,111312930.96366033,0.101325,15.31613868197795,16.526277532573232,16.354695765358546,290.0,290.0,290.0,316.02152033,1.3191658095497234,-2.529304660145005,0.1715817672146862,,0.0,0.0,0.0
79,8.143276452565155,574.3625466,0.1030794361084196,213137.88273116594,7459.825895590809,245080.82589846448,25262.793334599475,0.0,-417.7867948840339,-426.7005697868819,0.0,0.0,0.0,0.0,16.415246304718508,316.02152033,111518609.0204959,0.101325,15.34023759689674,16.556055039413913,16.38497103503853,290.0,290.0,290.0,316.02152033,1.3172312312701862,-2.5330486737873574,0.17108400437538407,,0.0,0.0,0.0
80,8.246355888673575,574.3625466,0.1030794361084196,213137.88273116594,7459.825895590809,245157.49022501675,25270.695850150118,0.0,-417.9174837829096,-426.83404702526747,0.0,0.0,0.0,0.0,16.44552157439849,316.02152033,111724287.07733148,0.101325,15.364345103278099,16.58583523211376,16.415246304718508,290.0,290.0,290.0,316.02152033,1.3153024380911913,-2.5367925669268505,0.17058892739525078,,0.0,0.0,0.0
81,8.349435324781995,574.3625466,0.1030794361084196,213137.88273116594,7459.825895590809,245234.0615135601,25278.58877539526,0.0,-418.04801408083637,-426.96736227884134,0.0,0.0,0.0,0.0,16.475796844078467,316.02152033,111929965.13416706,0.101325,15.388461169853763,16.615618091804265,16.44552157439849,290.0,290.0,290.0,316.02152033,1.3133794087275636,-2.5405363306780653,0.17009651740577425,,0.0,0.0,0.0
82,8.452514760890415,574.3625466,0.1030794361084196,213137.88273116594,7459.825895590809,245310.53991449758,25286.47212583837,0.0,-418.1783860342048,-427.1005158094645,0.0,0.0,0.0,0.0,16.506072113758453,316.02152033,112135643.19100264,0.101325,15.412585765554406,16.64540359977883,16.475796844078467,290.0,290.0,290.0,316.02152033,1.3114621219728577,-2.544279956197285,0.16960675570036443,,0.0,0.0,0.0
83,8.555594196998834,574.3625466,0.1030794361084196,213137.88273116594,7459.825895590809,245386.92557845946,25294.345917006325,0.0,-418.30859989979274,-427.23350787939324,0.0,0.0,0.0,0.0,16.536347383438432,316.02152033,112341321.24783821,0.101325,15.436718859508236,16.67519173749123,16.506072113758453,290.0,290.0,290.0,316.02152033,1.309550556699249,-2.5480234346822437,0.1691196237327759,,0.0,0.0,0.0
84,8.658673633107254,574.3625466,0.1030794361084196,213137.88273116594,7459.825895590809,245463.21865629472,25302.21016444856,0.0,-418.4386559347509,-427.36633875126483,0.0,0.0,0.0,0.0,16.56662265311841,316.02152033,112546999.30467379,0.101325,15.46086042103937,16.704982486553888,16.536347383438432,290.0,290.0,290.0,316.02152033,1.3076446918574078,-2.5517667573719267,0.16863510311545582,,0.0,0.0,0.0
85,8.761753069215674,574.3625466,0.1030794361084196,213137.88273116594,7459.825895590809,245539.41929906307,25310.064883736224,0.0,-418.5685543965893,-427.4990086880834,0.0,0.0,0.0,0.0,16.596897922798394,316.02152033,112752677.36150937,0.101325,15.485010419666473,16.73477582873641,16.56662265311841,290.0,290.0,290.0,316.02152033,1.3057445064763828,-2.5555099155463203,0.16815317561799858,,0.0,0.0,0.0
86,8.864832505324094,574.3625466,0.1030794361084196,213137.88273116594,7459.825895590809,245615.52765802646,25317.910090461308,0.0,-418.69829554316266,-427.6315179532051,0.0,0.0,0.0,0.0,16.627173192478377,316.02152033,112958355.41834494,0.101325,15.509168825101177,16.764571745963934,16.596897922798394,290.0,290.0,290.0,316.02152033,1.3038499796634635,-2.5592529005262215,0.16767382316553991,,0.0,0.0,0.0
87,8.967911941432513,574.3625466,0.1030794361084196,213137.88273116594,7459.825895590809,245691.5438846415,25325.745800235873,0.0,-418.8278796326573,-427.763866810325,0.0,0.0,0.0,0.0,16.657448462158357,316.02152033,113164033.47518052,0.101325,15.533335607246661,16.7943702203156,16.627173192478377,290.0,290.0,290.0,316.02152033,1.3019610906040557,-2.562995703672994,0.16719702783722212,,0.0,0.0,0.0
88,9.070991377540933,574.3625466,0.1030794361084196,213137.88273116594,7459.825895590809,245767.46813055084,25333.572028691164,0.0,-418.9573069235772,-427.8960555234624,0.0,0.0,0.0,0.0,16.68772373183834,316.02152033,113369711.5320161,0.101325,15.55751073619619,16.824171234023012,16.657448462158357,290.0,290.0,290.0,316.02152033,1.3000778185615451,-2.5667383163883657,0.16672277186465578,,0.0,0.0,0.0
89,9.174070813649353,574.3625466,0.1030794361084196,213137.88273116594,7459.825895590809,245843.30054757636,25341.388791476893,0.0,-419.0865776747315,-428.02808435694817,0.0,0.0,0.0,0.0,16.717999001518322,316.02152033,113575389.58885168,0.101325,15.581694182231683,16.853974769468735,16.68772373183834,290.0,290.0,290.0,316.02152033,1.2982001428771586,-2.5704807301142094,0.16625103763039561,,0.0,0.0,0.0
90,9.277150249757772,574.3625466,0.1030794361084196,213137.88273116594,7459.825895590809,245919.04128771042,25349.196104260347,0.0,-419.2156921452199,-428.15995357541027,0.0,0.0,0.0,0.0,16.7482742711983,316.02152033,113781067.64568725,0.101325,15.605885915822252,16.883780809184756,16.717999001518322,290.0,290.0,290.0,316.02152033,1.2963280429698252,-2.5742229363323292,0.16578180766643413,,0.0,0.0,0.0
91,9.380229685866192,574.3625466,0.1030794361084196,213137.88273116594,7459.825895590809,245994.69050310913,25356.99398272569,0.0,-419.3446505944216,-428.29166344376176,0.0,0.0,0.0,0.0,16.77854954087828,316.02152033,113986745.70252283,0.101325,15.63008590762282,16.913589335851043,16.7482742711983,290.0,290.0,290.0,316.02152033,1.2944614983360274,-2.577964926564248,0.16531506465274148,,0.0,0.0,0.0
92,9.483309121974612,574.3625466,0.1030794361084196,213137.88273116594,7459.825895590809,246070.2483460845,25364.78244257316,0.0,-419.4734532819811,-428.42321422718703,0.0,0.0,0.0,0.0,16.80882481055826,316.02152033,114192423.7593584,0.101325,15.65429412847271,16.94340033229405,16.77854954087828,290.0,290.0,290.0,316.02152033,1.2926004885496591,-2.5817066923710006,0.16485079141576975,,0.0,0.0,0.0
93,9.586388558083032,574.3625466,0.1030794361084196,213137.88273116594,7459.825895590809,246145.714969097,25372.561499518295,0.0,-419.6021004677964,-428.5546061911291,0.0,0.0,0.0,0.0,16.839100080238243,316.02152033,114398101.81619398,0.101325,15.67851054939422,16.973213781485278,16.80882481055826,290.0,290.0,290.0,316.02152033,1.2907449932618678,-2.5854482253529247,0.16438897092701765,,0.0,0.0,0.0
94,9.689467994191451,574.3625466,0.1030794361084196,213137.88273116594,7459.825895590809,246221.09052474872,25380.331169291232,0.0,-419.73059241200656,-428.6858396012773,0.0,0.0,0.0,0.0,16.869375349918226,316.02152033,114603779.87302956,0.101325,15.702735141591289,17.00302966653983,16.839100080238243,290.0,290.0,290.0,316.02152033,1.2888949922009107,-2.5891895171494514,0.16392958630158816,,0.0,0.0,0.0
95,9.792547430299871,574.3625466,0.1030794361084196,213137.88273116594,7459.825895590809,246296.37516577562,25388.091467635913,0.0,-419.8589293749792,-428.81691472355425,0.0,0.0,0.0,0.0,16.899650619598205,316.02152033,114809457.92986514,0.101325,15.72696787644809,17.032847970715007,16.869375349918226,290.0,290.0,290.0,316.02152033,1.2870504651719892,-2.5929305594389076,0.1634726207967816,,0.0,0.0,0.0
96,9.895626866408291,574.3625466,0.1030794361084196,213137.88273116594,7459.825895590809,246371.56904504113,25395.842410309408,0.0,-419.9871116172989,-428.94783182410447,0.0,0.0,0.0,0.0,16.929925889278188,316.02152033,115015135.98670071,0.101325,15.751208725527672,17.062668677408883,16.899650619598205,290.0,290.0,290.0,316.02152033,1.285211392057095,-2.5966713439383073,0.16301805781067813,,0.0,0.0,0.0
97,9.99870630251671,574.3625466,0.1030794361084196,213137.88273116594,7459.825895590809,246446.67231552876,25403.584013081167,0.0,-420.1151393997552,-429.0785911692815,0.0,0.0,0.0,0.0,16.96020115895817,316.02152033,115220814.04353629,0.101325,15.775457660570641,17.09249177015894,16.929925889278188,290.0,290.0,290.0,316.02152033,1.2833777528148478,-2.6004118624031465,0.1625658808807522,,0.0,0.0,0.0
98,10.10178573862513,574.3625466,0.1030794361084196,213137.88273116594,7459.825895590809,246521.6851303355,25411.316291732353,0.0,-420.2430129833309,-429.20919302563647,0.0,0.0,0.0,0.0,16.99047642863815,316.02152033,115426492.10037187,0.101325,15.799714653493796,17.122317232640683,16.96020115895817,290.0,290.0,290.0,316.02152033,1.2815495274803295,-2.6041521066272164,0.1621160736825118,,0.0,0.0,0.0
99,10.20486517473355,574.3625466,0.1030794361084196,213137.88273116594,7459.825895590809,246596.60764266487,25419.03926205509,0.0,-420.37073262919057,-429.339637659906,0.0,0.0,0.0,0.0,17.02075169831813,316.02152033,115632170.15720744,0.101325,15.82397967638881,17.152145048666288,16.99047642863815,290.0,290.0,290.0,316.02152033,1.2797266961649167,-2.6078920684423963,0.16166862002813787,,0.0,0.0,0.0
100,10.30794461084197,574.3625466,0.1030794361084196,213137.88273116594,7459.825895590809,246671.4400058205,25426.752939851835,0.0,-420.4982985986693,-429.46992533900107,0.0,0.0,0.0,0.0,17.051026967998116,316.02152033,115837848.21404302,0.101325,15.84825270152092,17.18197520218326,17.02075169831813,290.0,290.0,290.0,316.02152033,1.277909239056114,-2.6116317397184536,0.16122350386513062,,0.0,0.0,0.0
101,10.407416266686594,-574.3625466,0.0994716558446249,-205678.05683557512,0.0,246964.7818582958,0.0,24565.995786751264,439.15459067998114,429.98065128067634,0.0,0.0,0.0,0.0,17.02075169831813,316.02152033,115632170.15720744,0.101325,12.842231802884868,16.845587731974785,17.051026967998116,316.02152033,316.02152033,316.02152033,316.02152033,1.1849370565383002,2.818418872551617,0.2054392360233308,,0.0,0.0,0.0
102,10.506887922531218,-574.3625466,0.0994716558446249,-205678.05683557512,0.0,247528.91210823035,0.0,24622.110756824295,440.15773123765933,430.9628362321046,0.0,0.0,0.0,0.0,16.99047642863815,316.02152033,115426492.10037187,0.101325,12.985064662458734,16.815899731506583,17.02075169831813,316.02152033,316.02152033,316.02152033,316.02152033,1.3438112842194814,2.4870237848283683,0.20485196681154605,,0.0,0.0,0.0
103,10.606359578375843,-574.3625466,0.0994716558446249,-205678.05683557512,0.0,247414.90090457044,0.0,24610.769873611407,439.95499567714967,430.76433581745397,0.0,0.0,0.0,0.0,16.96020115895817,316.02152033,115220814.04353629,0.101325,12.956070501260577,16.78503719261482,16.99047642863815,316.02152033,316.02152033,316.02152033,316.02152033,1.34597991572402,2.482986775630224,0.2054392360233308,,0.0,0.0,0.0
104,10.705831234220467,-574.3625466,0.0994716558446249,-205678.05683557512,0.0,247300.88777262627,0.0,24599.428798588888,439.7522566877506,430.5658320455435,0.0,0.0,0.0,0.0,16.929925889278188,316.02152033,115015135.98670071,0.101325,12.927140591961528,16.754171575291902,16.96020115895817,316.02152033,316.02152033,316.02152033,316.02152033,1.3482429227539974,2.4787880605763775,0.20602958366626822,,0.0,0.0,0.0
105,10.805302890065091,-574.3625466,0.0994716558446249,-205678.05683557512,0.0,247186.58094871006,0.0,24588.0585095396,439.54899545312793,430.3668169381121,0.0,0.0,0.0,0.0,16.899650619598205,316.02152033,114809457.92986514,0.101325,12.898201008657846,16.72330285809104,16.929925889278188,316.02152033,316.02152033,316.02152033,316.02152033,1.3505149498625189,2.4745868995706735,0.2066230311871493,,0.0,0.0,0.0
106,10.904774545909715,-574.3625466,0.0994716558446249,-205678.05683557512,0.0,247071.97873443202,0.0,24576.658837521903,439.3452089531922,430.16728753816,0.0,0.0,0.0,0.0,16.869375349918226,316.02152033,114603779.87302956,0.101325,12.869251677376004,16.692431019379438,16.899650619598205,316.02152033,316.02152033,316.02152033,316.02152033,1.3527960503572787,2.470383291646154,0.2072196002187674,,0.0,0.0,0.0
107,11.00424620175434,-574.3625466,0.0994716558446249,-205678.05683557512,0.0,246957.0794162101,0.0,24565.229612082952,439.14089414083924,429.96724086223713,0.0,0.0,0.0,0.0,16.839100080238243,316.02152033,114398101.81619398,0.101325,12.84029252354113,16.66155603733641,16.869375349918226,316.02152033,316.02152033,316.02152033,316.02152033,1.3550862779759858,2.466177235819294,0.2078193125818153,,0.0,0.0,0.0
108,11.103717857598964,-574.3625466,0.0994716558446249,-205678.05683557512,0.0,246841.88126508883,0.0,24553.77066124068,438.9360479416278,429.7666739001272,0.0,0.0,0.0,0.0,16.80882481055826,316.02152033,114192423.7593584,0.101325,12.811323471970837,16.630677889951397,16.839100080238243,316.02152033,316.02152033,316.02152033,316.02152033,1.3573856868908452,2.4619687310897143,0.2084221902868464,,0.0,0.0,0.0
109,11.203189513443588,-574.3625466,0.0994716558446249,-205678.05683557512,0.0,246726.38253655468,0.0,24542.28181146544,438.73066725345114,429.56558361452653,0.0,0.0,0.0,0.0,16.77854954087828,316.02152033,113986745.70252283,0.101325,12.782344446869025,16.599796555022,16.80882481055826,316.02152033,316.02152033,316.02152033,316.02152033,1.3596943317130985,2.457757776439874,0.2090282555362606,,0.0,0.0,0.0
110,11.302661169288212,-574.3625466,0.0994716558446249,-205678.05683557512,0.0,246610.58147034922,0.0,24530.762887661407,438.52474894620457,429.36396694071834,0.0,0.0,0.0,0.0,16.7482742711983,316.02152033,113781067.64568725,0.101325,12.75335537181962,16.56891201015201,16.77854954087828,316.02152033,316.02152033,316.02152033,316.02152033,1.3620122674976165,2.453544370834775,0.209637530726269,,0.0,0.0,0.0
111,11.402132825132837,-574.3625466,0.0994716558446249,-205678.05683557512,0.0,246494.4762902786,0.0,24519.213713147645,438.3182898614473,429.16182078624166,0.0,0.0,0.0,0.0,16.717999001518322,316.02152033,113575389.58885168,0.101325,12.724356169780155,16.538024232749365,16.7482742711983,316.02152033,316.02152033,316.02152033,316.02152033,1.3643395497475597,2.4493285132216513,0.21025003844893675,,0.0,0.0,0.0
112,11.501604480977461,-574.3625466,0.0994716558446249,-205678.05683557512,0.0,246378.06520402123,0.0,24507.634109638955,438.11128681206,428.959142030556,0.0,0.0,0.0,0.0,16.68772373183834,316.02152033,113369711.5320161,0.101325,12.695346763075353,16.507133200024104,16.717999001518322,316.02152033,316.02152033,316.02152033,316.02152033,1.3666762344190901,2.4451102025296603,0.21086580149421863,,0.0,0.0,0.0
113,11.601076136822085,-574.3625466,0.0994716558446249,-205678.05683557512,0.0,246261.34640293213,0.0,24496.02389722642,437.9037365818965,428.75592752470067,0.0,0.0,0.0,0.0,16.657448462158357,316.02152033,113164033.47518052,0.101325,12.666327073390605,16.476238888986323,16.68772373183834,316.02152033,316.02152033,316.02152033,316.02152033,1.3690223779261514,2.440889437669566,0.21148484285201619,,0.0,0.0,0.0
114,11.70054779266671,-574.3625466,0.0994716558446249,-205678.05683557512,0.0,246144.3180618437,0.0,24484.382894357605,437.69563592543074,428.5521740909484,0.0,0.0,0.0,0.0,16.627173192478377,316.02152033,112958355.41834494,0.101325,12.637297021765335,16.445341276444065,16.657448462158357,316.02152033,316.02152033,316.02152033,316.02152033,1.37137803714531,2.4366662175334217,0.21210718571429155,,0.0,0.0,0.0
115,11.800019448511334,-574.3625466,0.0994716558446249,-205678.05683557512,0.0,246026.97833886463,0.0,24472.710917816526,437.4869815673978,428.34787852245483,0.0,0.0,0.0,0.0,16.596897922798394,316.02152033,112752677.36150937,0.101325,12.608256528586312,16.414440339001214,16.627173192478377,316.02152033,316.02152033,316.02152033,316.02152033,1.3737432694206557,2.432440540994246,0.21273285347716353,,0.0,0.0,0.0
116,11.899491104355958,-574.3625466,0.0994716558446249,-205678.05683557512,0.0,245909.32537517473,0.0,24461.007782703266,437.2777702024301,428.14303758290134,0.0,0.0,0.0,0.0,16.56662265311841,316.02152033,112546999.30467379,0.101325,12.579205513580856,16.383536053055323,16.596897922798394,316.02152033,316.02152033,316.02152033,316.02152033,1.376118132568767,2.4282124069057005,0.21336186974307125,,0.0,0.0,0.0
117,11.998962760200582,-574.3625466,0.0994716558446249,-205678.05683557512,0.0,245791.35729481737,0.0,24449.27330241331,437.06799849468774,427.9376480061337,0.0,0.0,0.0,0.0,16.536347383438432,316.02152033,112341321.24783821,0.101325,12.550143895809986,16.352628394795484,16.56662265311841,316.02152033,316.02152033,316.02152033,316.02152033,1.378502684883749,2.423981814101749,0.21399425832292707,,0.0,0.0,0.0
118,12.098434416045206,-574.3625466,0.0994716558446249,-205678.05683557512,0.0,245673.07220448818,0.0,24437.507288616533,436.8576630774829,427.7317064957943,0.0,0.0,0.0,0.0,16.506072113758453,316.02152033,112135643.19100264,0.101325,12.521071593661445,16.321717340200102,16.536347383438432,316.02152033,316.02152033,316.02152033,316.02152033,1.3808969851423258,2.4197487613963324,0.2146300432383299,,0.0,0.0,0.0
119,12.19790607188983,-574.3625466,0.0994716558446249,-205678.05683557512,0.0,245554.46819332082,0.0,24425.7095512359,436.64676055289914,427.52520972494904,0.0,0.0,0.0,0.0,16.475796844078467,316.02152033,111929965.13416706,0.101325,12.49198852484265,16.29080286503468,16.506072113758453,316.02152033,316.02152033,316.02152033,316.02152033,1.3833010926090095,2.415513247583021,0.2152692487237715,,0.0,0.0,0.0
120,12.297377727734455,-574.3625466,0.0994716558446249,-205678.05683557512,0.0,245435.5433326697,0.0,24413.879898425843,436.4352874914045,427.31815433570904,0.0,0.0,0.0,0.0,16.44552157439849,316.02152033,111724287.07733148,0.101325,12.462894606373567,16.25988494484957,16.475796844078467,316.02152033,316.02152033,316.02152033,316.02152033,1.3857150670413312,2.411275271434673,0.21591189922889598,,0.0,0.0,0.0
121,12.39684938357908,-574.3625466,0.0994716558446249,-205678.05683557512,0.0,245316.2956758884,0.0,24402.018136550214,436.2232404314581,427.110536938845,0.0,0.0,0.0,0.0,16.415246304718508,316.02152033,111518609.0204959,0.101325,12.433789754579477,16.22896355497771,16.44552157439849,316.02152033,316.02152033,316.02152033,316.02152033,1.3881389686951449,2.407034831703088,0.21655801942078057,,0.0,0.0,0.0
122,12.496321039423703,-574.3625466,0.0994716558446249,-205678.05683557512,0.0,245196.72325810575,0.0,24390.12407016003,436.01061587911175,426.9023541133971,0.0,0.0,0.0,0.0,16.38497103503853,316.02152033,111312930.96366033,0.101325,12.404673885083625,16.19803867053228,16.415246304718508,316.02152033,316.02152033,316.02152033,316.02152033,1.3905728583300052,2.402791927118651,0.21720763418622724,,0.0,0.0,0.0
123,12.595792695268328,-574.3625466,0.0994716558446249,-205678.05683557512,0.0,245076.8240959982,0.0,24378.197501970808,435.7974103076047,426.69360240627884,0.0,0.0,0.0,0.0,16.354695765358546,316.02152033,111107252.90682475,0.101325,12.375546912799837,16.167110266404414,16.38497103503853,316.02152033,316.02152033,316.02152033,316.02152033,1.3930167972146035,2.398546556389974,0.21786076863411452,,0.0,0.0,0.0
124,12.695264351112952,-574.3625466,0.0994716558446249,-205678.05683557512,0.0,244956.59618755776,0.0,24366.2382328395,435.58362015695167,426.48427833187293,0.0,0.0,0.0,0.0,16.324420495678567,316.02152033,110901574.84998918,0.101325,12.346408751924967,16.136178317260796,16.354695765358546,316.02152033,316.02152033,316.02152033,316.02152033,1.3954708471322912,2.394298718203538,0.21851744809774942,,0.0,0.0,0.0
125,12.794736006957576,-574.3625466,0.0994716558446249,-205678.05683557512,0.0,244836.0375118576,0.0,24354.24606174117,435.36924183352573,426.2743783716234,0.0,0.0,0.0,0.0,16.294145225998584,316.02152033,110695896.7931536,0.101325,12.317259315931317,16.105242797541305,16.324420495678567,316.02152033,316.02152033,316.02152033,316.02152033,1.39793507038667,2.3900484112233187,0.21917769813726196,,0.0,0.0,0.0
126,12.8942076628022,-574.3625466,0.0994716558446249,-205678.05683557512,0.0,244715.14602881283,0.0,24342.220785745198,435.154271709633,426.0638989736188,0.0,0.0,0.0,0.0,16.263869956318604,316.02152033,110490218.73631802,0.101325,12.288098517558879,16.07430368145656,16.294145225998584,316.02152033,316.02152033,316.02152033,316.02152033,1.4004095298072567,2.385795634090423,0.21984154454202454,,0.0,0.0,0.0
127,12.993679318646825,-574.3625466,0.0994716558446249,-205678.05683557512,0.0,244593.91967893866,0.0,24330.162199991213,434.93870612308257,425.8528365521713,0.0,0.0,0.0,0.0,16.233594686638625,316.02152033,110284540.67948245,0.101325,12.258926268807562,16.043360942985494,16.263869956318604,316.02152033,316.02152033,316.02152033,316.02152033,1.4028942887552291,2.3815403854227033,0.22050901333311046,,0.0,0.0,0.0
128,13.093150974491449,-574.3625466,0.0994716558446249,-205678.05683557512,0.0,244472.3563831038,0.0,24318.070097664586,434.72254137674753,425.64118748738724,0.0,0.0,0.0,0.0,16.203319416958642,316.02152033,110078862.62264687,0.101325,12.229742480929243,16.012414555872866,16.233594686638625,316.02152033,316.02152033,316.02152033,316.02152033,1.4053894111292375,2.3772826638143862,0.2211801307657595,,0.0,0.0,0.0
129,13.192622630336073,-574.3625466,0.0994716558446249,-205678.05683557512,0.0,244350.45404228006,0.0,24305.944269971515,434.50577373812087,425.4289481247315,0.0,0.0,0.0,0.0,16.17304414727866,316.02152033,109873184.56581129,0.101325,12.200547064419744,15.981464493626735,16.203319416958642,316.02152033,316.02152033,316.02152033,316.02152033,1.4078949613713136,2.373022467835676,0.22185492333190737,,0.0,0.0,0.0
130,13.292094286180697,-574.3625466,0.0994716558446249,-205678.05683557512,0.0,244228.21053728898,0.0,24293.784506113803,434.2883994388636,425.2161147745858,0.0,0.0,0.0,0.0,16.14276887759868,316.02152033,109667506.50897571,0.101325,12.171339929010728,15.950510729515937,16.17304414727866,316.02152033,316.02152033,316.02152033,316.02152033,1.4104110044728388,2.3687597960323705,0.2225334177627225,,0.0,0.0,0.0
131,13.391565942025322,-574.3625466,0.0994716558446249,-205678.05683557512,0.0,244105.6237285427,0.0,24281.5905932631,434.0704146743452,425.0026837117981,0.0,0.0,0.0,0.0,16.1124936079187,316.02152033,109461828.45214014,0.101325,12.142120983661432,15.919553236567502,16.14276887759868,316.02152033,316.02152033,316.02152033,316.02152033,1.4129376059806111,2.364494646925459,0.22321564103117808,,0.0,0.0,0.0
132,13.491037597869946,-574.3625466,0.0994716558446249,-205678.05683557512,0.0,243982.69145578265,0.0,24269.362316534916,433.8518156031777,424.7886511752273,0.0,0.0,0.0,0.0,16.082218338238714,316.02152033,109256150.39530456,0.101325,12.112890136550332,15.888591987564038,16.1124936079187,316.02152033,316.02152033,316.02152033,316.02152033,1.4154748320029782,2.360227019010727,0.22390162035466332,,0.0,0.0,0.0
133,13.59050925371457,-574.3625466,0.0994716558446249,-205678.05683557512,0.0,243859.41153781244,0.0,24257.099458962028,433.63259834674176,424.5740133672783,0.0,0.0,0.0,0.0,16.051943068558735,316.02152033,109050472.33846898,0.101325,12.08364729506668,15.857626955041095,16.082218338238714,316.02152033,316.02152033,316.02152033,316.02152033,1.4180227492160746,2.3559569107583416,0.22459138319761962,,0.0,0.0,0.0
134,13.689980909559194,-574.3625466,0.0994716558446249,-205678.05683557512,0.0,243735.7817722273,0.0,24244.80180146759,433.4127589887051,424.35876645343103,0.0,0.0,0.0,0.0,16.021667798878756,316.02152033,108844794.2816334,0.101325,12.054392365801958,15.826658111284523,16.051943068558735,316.02152033,316.02152033,316.02152033,316.02152033,1.420581424870122,2.3516843206124434,0.22528495727421216,,0.0,0.0,0.0
135,13.789452565403819,-574.3625466,0.0994716558446249,-205678.05683557512,0.0,243611.79993513916,0.0,24232.469122837778,433.19229357453344,424.14290656176144,0.0,0.0,0.0,0.0,15.991392529198771,316.02152033,108639116.22479783,0.101325,12.025125254541143,15.795685428327705,16.021667798878756,316.02152033,316.02152033,316.02152033,316.02152033,1.4231509267958273,2.3474092469907344,0.2259823705510513,,0.0,0.0,0.0
136,13.888924221248443,-574.3625466,0.0994716558446249,-205678.05683557512,0.0,243487.46378089677,0.0,24220.10119969393,432.9711981109934,423.9264297824547,0.0,0.0,0.0,0.0,15.961117259518792,316.02152033,108433438.16796225,0.101325,11.995845866253951,15.764708877948868,15.991392529198771,316.02152033,316.02152033,316.02152033,316.02152033,1.425731323410875,2.343131688284041,0.2266836512499033,,0.0,0.0,0.0
137,13.988395877093067,-574.3625466,0.0994716558446249,-205678.05683557512,0.0,243362.77104180213,0.0,24207.697806464388,432.7494685656475,423.7093321673111,0.0,0.0,0.0,0.0,15.930841989838811,316.02152033,108227760.11112668,0.101325,11.966554105085908,15.7337284316683,15.961117259518792,316.02152033,316.02152033,316.02152033,316.02152033,1.4283226837264944,2.338851642855899,0.22738882785049164,,0.0,0.0,0.0
138,14.087867532937691,-574.3625466,0.0994716558446249,-205678.05683557512,0.0,243237.7194278212,0.0,24195.25871535566,432.5271008663406,423.4916097292427,0.0,0.0,0.0,0.0,15.900566720158832,316.02152033,108022082.0542911,0.101325,11.937249874349277,15.702744060745518,15.930841989838811,316.02152033,316.02152033,316.02152033,316.02152033,1.4309250773541264,2.3345691090421132,0.22809792909329296,,0.0,0.0,0.0
139,14.187339188782316,-574.3625466,0.0994716558446249,-205678.05683557512,0.0,243112.30662629104,0.0,24182.783696323342,432.3040909006784,423.2732584417632,0.0,0.0,0.0,0.0,15.870291450478849,316.02152033,107816403.99745552,0.101325,11.907933076513952,15.671755736176454,15.900566720158832,316.02152033,316.02152033,316.02152033,316.02152033,1.4335385745121845,2.330284085150318,0.22881098398237754,,0.0,0.0,0.0
140,14.28681084462694,-574.3625466,0.0994716558446249,-205678.05683557512,0.0,242986.53030162142,0.0,24170.272517042406,432.08043451549696,423.0542742384682,0.0,0.0,0.0,0.0,15.840016180798866,316.02152033,107610725.94061995,0.101325,11.878603613198104,15.640763428690537,15.870291450478849,316.02152033,316.02152033,316.02152033,316.02152033,1.4361632460329001,2.325996569459534,0.22952802178831178,,0.0,0.0,0.0
141,14.386282500471564,-574.3625466,0.0994716558446249,-205678.05683557512,0.0,242860.3880949916,0.0,24157.72494287704,431.85612751632425,422.8346530125082,0.0,0.0,0.0,0.0,15.809740911118887,316.02152033,107405047.88378437,0.101325,11.84926138515883,15.609767108747821,15.840016180798866,316.02152033,316.02152033,316.02152033,316.02152033,1.4387991633692767,2.321706560219714,0.23024907205104483,,0.0,0.0,0.0
142,14.485754156316188,-574.3625466,0.0994716558446249,-205678.05683557512,0.0,242733.87762404277,0.0,24145.140736850077,431.63116566683215,422.614390616052,0.0,0.0,0.0,0.0,15.779465641438907,316.02152033,107199369.82694879,0.101325,11.819906292282589,15.578766746536004,15.809740911118887,316.02152033,316.02152033,316.02152033,316.02152033,1.4414463986021273,2.317414055651287,0.23097416458288222,,0.0,0.0,0.0
143,14.585225812160813,-574.3625466,0.0994716558446249,-205678.05683557512,0.0,242606.9964825644,0.0,24132.519659611768,431.40554468827935,422.3934828597412,0.0,0.0,0.0,0.0,15.749190371758923,316.02152033,106993691.77011321,0.101325,11.790538233575521,15.547762311967439,15.779465641438907,316.02152033,316.02152033,316.02152033,316.02152033,1.4441050244472196,2.313119053944699,0.23170332947146832,,0.0,0.0,0.0
144,14.684697468005437,-574.3625466,0.0994716558446249,-205678.05683557512,0.0,242479.74224017616,0.0,24119.86146940816,431.1792602589457,422.17192551213634,0.0,0.0,0.0,0.0,15.718915102078943,316.02152033,106788013.71327764,0.101325,11.761157107153641,15.516753774676095,15.749190371758923,316.02152033,316.02152033,316.02152033,316.02152033,1.4467751142625183,2.3088215532599357,0.2324365970828275,,0.0,0.0,0.0
145,14.784169123850061,-574.3625466,0.0994716558446249,-205678.05683557512,0.0,242352.11244200432,0.0,24107.16592204889,430.9523080135569,421.94971429915364,0.0,0.0,0.0,0.0,15.688639832398962,316.02152033,106582335.65644206,0.101325,11.731762810232945,15.48574110401453,15.718915102078943,316.02152033,316.02152033,316.02152033,316.02152033,1.4494567420555302,2.304521551726054,0.23317399806441408,,0.0,0.0,0.0
146,14.883640779694685,-574.3625466,0.0994716558446249,-205678.05683557512,0.0,242224.10460835294,0.0,24094.432770874504,430.7246835426991,421.72684490349206,0.0,0.0,0.0,0.0,15.658364562718978,316.02152033,106376657.59960648,0.101325,11.702355239119282,15.454724269050732,15.688639832398962,316.02152033,316.02152033,316.02152033,316.02152033,1.452149982490752,2.300219047440698,0.23391556334822994,,0.0,0.0,0.0
147,14.98311243553931,-574.3625466,0.0994716558446249,-205678.05683557512,0.0,242095.71623436903,0.0,24081.661766723126,430.49638239222446,421.50331296405085,0.0,0.0,0.0,0.0,15.628089293038999,316.02152033,106170979.5427709,0.101325,11.672934289198178,15.423703238565011,15.658364562718978,316.02152033,316.02152033,316.02152033,316.02152033,1.4548549108972222,2.295914038469612,0.2346613241539668,,0.0,0.0,0.0
148,15.082584091383934,-574.3625466,0.0994716558446249,-205678.05683557512,0.0,241966.94478970265,0.0,24068.852657896656,430.267400062646,421.27911407533736,0.0,0.0,0.0,0.0,15.59781402335902,316.02152033,105965301.48593533,0.101325,11.64349985492447,15.392677981046798,15.628089293038999,316.02152033,316.02152033,316.02152033,316.02152033,1.4575716032761847,2.2916065228461453,0.2354113119922001,,0.0,0.0,0.0
149,15.182055747228558,-574.3625466,0.0994716558446249,-205678.05683557512,0.0,241837.7877181613,0.0,24056.005190126394,430.03773200852356,421.05424378686547,0.0,0.0,0.0,0.0,15.567538753679038,316.02152033,105759623.42909975,0.101325,11.614051829811809,15.361648464691417,15.59781402335902,316.02152033,316.02152033,316.02152033,316.02152033,1.4603001363088555,2.287296498570752,0.23616555866760258,,0.0,0.0,0.0
150,15.281527403073182,-574.3625466,0.0994716558446249,-205678.05683557512,0.0,241708.24243735796,0.0,24043.11910653803,429.8073736378375,420.82869760254306,0.0,0.0,0.0,0.0,15.537263483999055,316.02152033,105553945.37226418,0.101325,11.584590106422024,15.330614657396811,15.567538753679038,316.02152033,316.02152033,316.02152033,316.02152033,1.463040587364303,2.2829839636104845,0.23692409628222677,,0.0,0.0,0.0
151,15.380999058917807,-574.3625466,0.0994716558446249,-205678.05683557512,0.0,241578.30633835366,0.0,24030.194147616083,429.57632031135347,420.60247098004925,0.0,0.0,0.0,0.0,15.506988214319074,316.02152033,105348267.3154286,0.101325,11.555114576354327,15.299576526760251,15.537263483999055,316.02152033,316.02152033,316.02152033,316.02152033,1.4657930345074468,2.2786689158984776,0.23768695723880384,,0.0,0.0,0.0
152,15.480470714762431,-574.3625466,0.0994716558446249,-205678.05683557512,0.0,241447.976785294,0.0,24017.23005116775,429.34456734197545,420.3755593302016,0.0,0.0,0.0,0.0,15.476712944639093,316.02152033,105142589.25859302,0.101325,11.525625130234383,15.268534040074968,15.506988214319074,316.02152033,316.02152033,316.02152033,316.02152033,1.4685575565071534,2.2743513533334307,0.2384541742441062,,0.0,0.0,0.0
153,15.579942370607055,-574.3625466,0.0994716558446249,-205678.05683557512,0.0,241317.2511150389,0.0,24004.226552286073,429.1121099940886,420.1479580163121,0.0,0.0,0.0,0.0,15.446437674959114,316.02152033,104936911.20175745,0.101325,11.496121657703206,15.237487164326758,15.476712944639093,316.02152033,316.02152033,316.02152033,316.02152033,1.4713342328444725,2.2700312737790793,0.239225780312335,,0.0,0.0,0.0
154,15.67941402645168,-574.3625466,0.0994716558446249,-205678.05683557512,0.0,241186.1266367869,0.0,23991.183383312586,428.8789434828898,419.9196623535322,0.0,0.0,0.0,0.0,15.416162405279131,316.02152033,104731233.14492187,0.101325,11.466604047405916,15.206435866190544,15.446437674959114,316.02152033,316.02152033,316.02152033,316.02152033,1.47412314372097,2.265708675063659,0.2400018087685698,,0.0,0.0,0.0
155,15.778885682296304,-574.3625466,0.0994716558446249,-205678.05683557512,0.0,241054.60063169227,0.0,23978.10027379919,428.64506297370747,419.6906676081867,0.0,0.0,0.0,0.0,15.385887135599152,316.02152033,104525555.08808629,0.101325,11.437072186980323,15.175380112026888,15.416162405279131,316.02152033,316.02152033,316.02152033,316.02152033,1.4769243700672,2.261383554979365,0.2407822932522432,,0.0,0.0,0.0
156,15.878357338140928,-574.3625466,0.0994716558446249,-205678.05683557512,0.0,240922.67035247578,0.0,23964.976950469485,428.4104635813096,419.4609689970961,0.0,0.0,0.0,0.0,15.355611865919169,316.02152033,104319877.03125072,0.101325,11.407525963045389,15.144319867878474,15.385887135599152,316.02152033,316.02152033,316.02152033,316.02152033,1.4797379935512793,2.257055911281807,0.2415672677206775,,0.0,0.0,0.0
157,15.977828993985552,-574.3625466,0.0994716558446249,-205678.05683557512,0.0,240790.33302302897,0.0,23951.813137179357,428.1751403691999,419.2305616868873,0.0,0.0,0.0,0.0,15.325336596239188,316.02152033,104114198.97441514,0.101325,11.377965261189459,15.113255099466514,15.355611865919169,316.02152033,316.02152033,316.02152033,316.02152033,1.482564096587607,2.2527257416894475,0.24235676645265514,,0.0,0.0,0.0
158,16.07730064983018,-574.3625466,0.0994716558446249,-205678.05683557512,0.0,240657.58583801155,0.0,23938.60855487696,427.93908834890135,418.99944079329276,0.0,0.0,0.0,0.0,15.295061326559207,316.02152033,103908520.91757956,0.101325,11.348389965958402,15.082185772187142,15.325336596239188,316.02152033,316.02152033,316.02152033,316.02152033,1.4854027623456971,2.2483930438830426,0.24315082405204613,,0.0,0.0,0.0
159,16.176772305674803,-574.3625466,0.0994716558446249,-205678.05683557512,0.0,240524.42596244116,0.0,23925.362921561908,427.70230247922757,418.7676013804365,0.0,0.0,0.0,0.0,15.264786056879226,316.02152033,103702842.86074398,0.101325,11.318799960843519,15.051111851107736,15.295061326559207,316.02152033,316.02152033,316.02152033,316.02152033,1.4882540747591462,2.2440578155050708,0.24394947545147083,,0.0,0.0,0.0
160,16.276243961519427,-574.3625466,0.0994716558446249,-205678.05683557512,0.0,240390.85053127696,0.0,23912.075952243846,427.4647776655418,418.53503846010864,0.0,0.0,0.0,0.0,15.234510787199246,316.02152033,103497164.80390841,0.101325,11.289195128269323,15.020033300963206,15.264786056879226,316.02152033,316.02152033,316.02152033,316.02152033,1.4911181185347293,2.2397200541591538,0.24475275591601964,,0.0,0.0,0.0
161,16.37571561736405,-574.3625466,0.0994716558446249,-205678.05683557512,0.0,240256.85664899505,0.0,23898.747358900215,427.22650875900234,418.3017469910268,0.0,0.0,0.0,0.0,15.204235517519265,316.02152033,103291486.74707283,0.101325,11.259575349581125,14.98895008615223,15.234510787199246,316.02152033,316.02152033,316.02152033,316.02152033,1.4939949791616325,2.235379757409472,0.2455607010470171,,0.0,0.0,0.0
162,16.475187273208675,-574.3625466,0.0994716558446249,-205678.05683557512,0.0,240122.44138915726,0.0,23885.376850433368,426.98749055579526,418.0677218780847,0.0,0.0,0.0,0.0,15.173960247839283,316.02152033,103085808.69023725,0.101325,11.229940505032436,14.957862170733426,15.204235517519265,316.02152033,316.02152033,316.02152033,316.02152033,1.4968847429208172,2.231036922780172,0.24637334678583933,,0.0,0.0,0.0
163,16.5746589290533,-574.3625466,0.0994716558446249,-205678.05683557512,0.0,239987.60179397184,0.0,23871.96413262685,426.7477177963534,417.8329579715876,0.0,0.0,0.0,0.0,15.143684978159301,316.02152033,102880130.63340168,0.101325,11.200290473772219,14.92676951842151,15.173960247839283,316.02152033,316.02152033,316.02152033,316.02152033,1.49978749689453,2.226691547754761,0.2471907294177722,,0.0,0.0,0.0
164,16.674130584897924,-574.3625466,0.0994716558446249,-205678.05683557512,0.0,239852.3348738462,0.0,23858.50890810095,426.50718516456146,417.59745006647375,0.0,0.0,0.0,0.0,15.113409708479322,316.02152033,102674452.5765661,0.101325,11.170625133831928,14.895672092583371,15.143684978159301,316.02152033,316.02152033,316.02152033,316.02152033,1.5027033289759406,2.2223436297755033,0.24801288557593004,,0.0,0.0,0.0
165,16.773602240742548,-574.3625466,0.0994716558446249,-205678.05683557512,0.0,239716.63760693246,0.0,23845.010876267454,426.2658872869471,417.36119290152277,0.0,0.0,0.0,0.0,15.08313443879934,316.02152033,102468774.51973052,0.101325,11.140944362112359,14.8645698562341,15.113409708479322,316.02152033,316.02152033,316.02152033,316.02152033,1.5056323278789403,2.2179931662428003,0.2488398522452222,,0.0,0.0,0.0
166,16.873073896587172,-574.3625466,0.0994716558446249,-205678.05683557512,0.0,239580.50693866413,0.0,23831.469733283564,426.0238187318578,417.1241811585493,0.0,0.0,0.0,0.0,15.052859169119358,316.02152033,102263096.46289495,0.101325,11.111248034370337,14.833462772032966,15.08313443879934,316.02152033,316.02152033,316.02152033,316.02152033,1.5085745831480661,2.2136401545145628,0.24967166676637298,,0.0,0.0,0.0
167,16.972545552431797,-574.3625466,0.0994716558446249,-205678.05683557512,0.0,239443.93978128515,0.0,23817.885172005084,425.78097400862316,416.886409461583,0.0,0.0,0.0,0.0,15.022583899439377,316.02152033,102057418.40605937,0.101325,11.081536025205198,14.80235080227937,15.052859169119358,316.02152033,316.02152033,316.02152033,316.02152033,1.5115301851685943,2.2092845919055786,0.2505083668399877,,0.0,0.0,0.0
168,17.07201720827642,-574.3625466,0.0994716558446249,-205678.05683557512,0.0,239306.93301337017,0.0,23804.256881938665,425.5373475667015,416.6478723760331,0.0,0.0,0.0,0.0,14.992308629759394,316.02152033,101851740.3492238,0.101325,11.051808208045056,14.771233908908696,15.022583899439377,316.02152033,316.02152033,316.02152033,316.02152033,1.514499225176767,2.2049264756868734,0.25134999053068086,,0.0,0.0,0.0
169,17.171488864121045,-574.3625466,0.0994716558446249,-205678.05683557512,0.0,239169.48347933625,0.0,23790.584549193238,425.29293379481214,416.4085644078385,0.0,0.0,0.0,0.0,14.962033360079415,316.02152033,101646062.29238822,0.101325,11.022064455132902,14.740112053488136,14.992308629759394,316.02152033,316.02152033,316.02152033,316.02152033,1.5174817952701793,2.200565803085056,0.2521965762712579,,0.0,0.0,0.0
170,17.27096051996567,-574.3625466,0.0994716558446249,-205678.05683557512,0.0,239031.58798894577,0.0,23776.86785643059,425.04772702005107,416.16848000260217,0.0,0.0,0.0,0.0,14.931758090399434,316.02152033,101440384.23555264,0.101325,10.992304637512483,14.708985197212467,14.962033360079415,316.02152033,316.02152033,316.02152033,316.02152033,1.5204779884183268,2.196202571281659,0.2530481628669481,,0.0,0.0,0.0
171,17.370432175810294,-574.3625466,0.0994716558446249,-205678.05683557512,0.0,238893.24331680042,0.0,23763.10648281501,424.8017215069913,415.92761354471025,0.0,0.0,0.0,0.0,14.901482820719455,316.02152033,101234706.17871706,0.101325,10.96252862501396,14.677853300899738,14.931758090399434,316.02152033,316.02152033,316.02152033,316.02152033,1.5234878984733051,2.191836777412472,0.2539047894996962,,0.0,0.0,0.0
172,17.469903831654918,-574.3625466,0.0994716558446249,-205678.05683557512,0.0,238754.44620182624,0.0,23749.30010396207,424.55491145676706,415.6859593564352,0.0,0.0,0.0,0.0,14.871207551039472,316.02152033,101029028.12188148,0.101325,10.93273628623941,14.646716324986949,14.901482820719455,316.02152033,316.02152033,316.02152033,316.02152033,1.5265116201806768,2.1874684185668642,0.25476649573250576,,0.0,0.0,0.0
173,17.569375487499542,-574.3625466,0.0994716558446249,-205678.05683557512,0.0,238615.19334674827,0.0,23735.448391886373,424.30729100614,415.44351169702173,0.0,0.0,0.0,0.0,14.840932281359493,316.02152033,100823350.06504591,0.101325,10.90292748854802,14.615574229525617,14.871207551039472,316.02152033,316.02152033,316.02152033,316.02152033,1.5295492491904978,2.1830974917870973,0.2556333215138551,,0.0,0.0,0.0
174,17.668847143344166,-574.3625466,0.0994716558446249,-205678.05683557512,0.0,238475.48141755754,0.0,23721.551014948524,424.05885422655064,415.200264761758,0.0,0.0,0.0,0.0,14.81065701167951,316.02152033,100617672.00821033,0.101325,10.87310209804119,14.584426974177338,14.840932281359493,316.02152033,316.02152033,316.02152033,316.02152033,1.5326008820685175,2.1787239940676293,0.25650530718215414,,0.0,0.0,0.0
175,17.76831879918879,-574.3625466,0.0994716558446249,-205678.05683557512,0.0,238335.30704296604,0.0,23707.60763780092,423.80959512314985,414.95621268102724,0.0,0.0,0.0,0.0,14.78038174199953,316.02152033,100411993.95137475,0.101325,10.84325997954728,14.553274518209237,14.81065701167951,316.02152033,316.02152033,316.02152033,316.02152033,1.5356666163075456,2.1743479223544107,0.2573824934702724,,0.0,0.0,0.0
176,17.867790455033415,-574.3625466,0.0994716558446249,-205678.05683557512,0.0,238194.66681385314,0.0,23693.617921332698,423.55950763381446,414.7113495193441,0.0,0.0,0.0,0.0,14.75010647231955,316.02152033,100206315.89453918,0.101325,10.813400996606244,14.52211682048941,14.78038174199953,316.02152033,316.02152033,316.02152033,316.02152033,1.5387465503389928,2.1699692735441714,0.25826492151012026,,0.0,0.0,0.0
177,17.96726211087804,-574.3625466,0.0994716558446249,-205678.05683557512,0.0,238053.55728270166,0.0,23679.581522613596,423.3085856281438,414.4656692743719,0.0,0.0,0.0,0.0,14.719831202639567,316.02152033,100000637.8377036,0.101325,10.78352501145396,14.490953839482247,14.75010647231955,316.02152033,316.02152033,316.02152033,316.02152033,1.54184078354459,2.1655880444836955,0.25915263283730283,,0.0,0.0,0.0
178,18.066733766722663,-574.3625466,0.0994716558446249,-205678.05683557512,0.0,237911.9749630226,0.0,23665.4980948368,423.05682290643784,414.2191658759224,0.0,0.0,0.0,0.0,14.689555932959586,316.02152033,99794959.78086802,0.101325,10.753631885006374,14.459785533243751,14.719831202639567,316.02152033,316.02152033,316.02152033,316.02152033,1.5449494162682937,2.161204231969084,0.2600456693958151,,0.0,0.0,0.0
179,18.166205422567288,-574.3625466,0.0994716558446249,-205678.05683557512,0.0,237769.91632877046,0.0,23651.367287260713,422.8042131986563,413.9718331849364,0.0,0.0,0.0,0.0,14.659280663279604,316.02152033,99589281.72403245,0.101325,10.723721476843373,14.428611859416753,14.689555932959586,316.02152033,316.02152033,316.02152033,316.02152033,1.54807254982836,2.1568178327450203,0.26094407354283256,,0.0,0.0,0.0
180,18.265677078411912,-574.3625466,0.0994716558446249,-205678.05683557512,0.0,237627.37781374683,0.0,23637.18874514968,422.55075016335906,413.72366499244646,0.0,0.0,0.0,0.0,14.629005393599623,316.02152033,99383603.66719687,0.101325,10.693793645192454,14.397432775226077,14.659280663279604,316.02152033,316.02152033,316.02152033,316.02152033,1.5512102865296176,2.152428843504007,0.2618478880535271,,0.0,0.0,0.0
181,18.365148734256536,-574.3625466,0.0994716558446249,-205678.05683557512,0.0,237484.35581099268,0.0,23622.96210971351,422.2964273866249,413.4746550185183,0.0,0.0,0.0,0.0,14.598730123919642,316.02152033,99177925.6103613,0.101325,10.663848246912098,14.366248237473638,14.629005393599623,316.02152033,316.02152033,316.02152033,316.02152033,1.5543627296759321,2.148037260885609,0.2627571561259856,,0.0,0.0,0.0
182,18.46462039010116,-574.3625466,0.0994716558446249,-205678.05683557512,0.0,237340.84667216966,0.0,23608.68701804595,422.041238380952,413.22479691117394,0.0,0.0,0.0,0.0,14.568454854239663,316.02152033,98972247.55352572,0.101325,10.633885137474945,14.335058202533476,14.598730123919642,316.02152033,316.02152033,316.02152033,316.02152033,1.557529983582856,2.143643081475674,0.263671921386166,,0.0,0.0,0.0
183,18.564092045945785,-574.3625466,0.0994716558446249,-205678.05683557512,0.0,237196.8467069301,0.0,23594.363103062,421.7851765841368,412.9740842452942,0.0,0.0,0.0,0.0,14.538179584559678,316.02152033,98766569.49669014,0.101325,10.603904170950688,14.303862626346728,14.568454854239663,316.02152033,316.02152033,316.02152033,316.02152033,1.5607121535904824,2.1392463018055556,0.26459222789293513,,0.0,0.0,0.0
184,18.66356370179041,-574.3625466,0.0994716558446249,-205678.05683557512,0.0,237052.352182274,0.0,23579.989993433974,421.5282353581312,412.7225105214999,0.0,0.0,0.0,0.0,14.5079043148797,316.02152033,98560891.43985456,0.101325,10.573905199988697,14.272661464416503,14.538179584559678,316.02152033,316.02152033,316.02152033,316.02152033,1.5639093460764955,2.13484691835131,0.26551812014317555,,0.0,0.0,0.0
185,18.763035357635033,-574.3625466,0.0994716558446249,-205678.05683557512,0.0,236907.35932189456,0.0,23565.567313526386,421.2704079878791,412.47006916501226,0.0,0.0,0.0,0.0,14.477629045199718,316.02152033,98355213.38301899,0.101325,10.54388807580042,14.241454671802744,14.5079043148797,316.02152033,316.02152033,316.02152033,316.02152033,1.5671216684694318,2.1304449275328934,0.26644964307695496,,0.0,0.0,0.0
186,18.862507013479657,-574.3625466,0.0994716558446249,-205678.05683557512,0.0,236761.8643055117,0.0,23551.09468332964,421.01168768012985,412.21675352449193,0.0,0.0,0.0,0.0,14.447353775519739,316.02152033,98149535.32618341,0.101325,10.513852648141462,14.210242203116952,14.477629045199718,316.02152033,316.02152033,316.02152033,316.02152033,1.5703492292621422,2.1260403257133484,0.2673868420827663,,0.0,0.0,0.0
187,18.96197866932428,-574.3625466,0.0994716558446249,-205678.05683557512,0.0,236615.86326819134,0.0,23536.57171839235,420.7520675622295,411.96255687085454,0.0,0.0,0.0,0.0,14.417078505839756,316.02152033,97943857.26934783,0.101325,10.483798765293447,14.179024012516894,14.447353775519739,316.02152033,316.02152033,316.02152033,316.02152033,1.5735921380254767,2.1216331091979708,0.2683297630028445,,0.0,0.0,0.0
188,19.061450325168906,-574.3625466,0.0994716558446249,-205678.05683557512,0.0,236469.35229965323,0.0,23521.998029752463,420.491540680889,411.7074723960652,0.0,0.0,0.0,0.0,14.386803236159775,316.02152033,97738179.21251225,0.101325,10.453726274045556,14.147800053701205,14.417078505839756,316.02152033,316.02152033,316.02152033,316.02152033,1.5768505054221758,2.1172232742334742,0.2692784521385505,,0.0,0.0,0.0
189,19.16092198101353,-574.3625466,0.0994716558446249,-205678.05683557512,0.0,236322.32744356434,0.0,23507.373223866987,420.23010000092785,411.4514932119084,0.0,0.0,0.0,0.0,14.356527966479794,316.02152033,97532501.15567668,0.101325,10.423635019675814,14.116570279903938,14.386803236159775,316.02152033,316.02152033,316.02152033,316.02152033,1.5801244432209873,2.112810817007138,0.2702329562558372,,0.0,0.0,0.0
190,19.260393636858154,-574.3625466,0.0994716558446249,-205678.05683557512,0.0,236174.78469681946,0.0,23492.69690254041,419.9677384039948,411.19461234873535,0.0,0.0,0.0,0.0,14.326252696799811,316.02152033,97326823.0988411,0.101325,10.393524845932067,14.085334643889016,14.356527966479794,316.02152033,316.02152033,316.02152033,316.02152033,1.5834140643110064,2.1083957336459442,0.27119332259077744,,0.0,0.0,0.0
191,19.35986529270278,-574.3625466,0.0994716558446249,-205678.05683557512,0.0,236026.72000880667,0.0,23477.96866285166,419.70444868726224,410.9368227541853,0.0,0.0,0.0,0.0,14.295977427119832,316.02152033,97121145.04200552,0.101325,10.363395595012678,14.054093097944634,14.326252696799811,316.02152033,316.02152033,316.02152033,316.02152033,1.5867194827162494,2.103978020215706,0.27215959885517726,,0.0,0.0,0.0
192,19.459336948547403,-574.3625466,0.0994716558446249,-205678.05683557512,0.0,235878.12928066019,0.0,23463.18809707977,419.44022356209655,410.67811729188435,0.0,0.0,0.0,0.0,14.26570215743985,316.02152033,96915466.98516995,0.101325,10.333247107546935,14.022845593877568,14.295977427119832,316.02152033,316.02152033,316.02152033,316.02152033,1.5900408136104525,2.0995576727201812,0.27313183324226387,,0.0,0.0,0.0
193,19.558808604392027,-574.3625466,0.0994716558446249,-205678.05683557512,0.0,235729.00836449658,0.0,23448.354792627906,419.17505565270113,410.4184887401162,0.0,0.0,0.0,0.0,14.23542688775987,316.02152033,96709788.92833437,0.101325,10.303079222575114,13.991592083007403,14.26570215743985,316.02152033,316.02152033,316.02152033,316.02152033,1.5933781733321157,2.0951346871001713,0.27411007443244806,,0.0,0.0,0.0
194,19.65828026023665,-574.3625466,0.0994716558446249,-205678.05683557512,0.0,235579.35306263802,0.0,23433.46833194611,418.9089374947344,410.1579297904694,0.0,0.0,0.0,0.0,14.205151618079887,316.02152033,96504110.8714988,0.101325,10.272891777528287,13.96033251616069,14.23542688775987,316.02152033,316.02152033,316.02152033,316.02152033,1.596731679399788,2.0907090592326147,0.27509437159917915,,0.0,0.0,0.0
195,19.757751916081276,-574.3625466,0.0994716558446249,-205678.05683557512,0.0,235429.15912681853,0.0,23418.528292452324,418.6418615338986,409.8964330464554,0.0,0.0,0.0,0.0,14.174876348399907,316.02152033,96298432.81466322,0.101325,10.242684608207774,13.92906684366503,14.205151618079887,316.02152033,316.02152033,316.02152033,316.02152033,1.600101450527593,2.086280784929662,0.2760847744148567,,0.0,0.0,0.0
196,19.8572235719259,-574.3625466,0.0994716558446249,-205678.05683557512,0.0,235278.42225737602,0.0,23403.53424645204,418.3738201245028,409.63399102210195,0.0,0.0,0.0,0.0,14.144601078719925,316.02152033,96092754.75782764,0.101325,10.212457548764297,13.897795015343053,14.174876348399907,316.02152033,316.02152033,316.02152033,316.02152033,1.6034876066410135,2.081849859937743,0.277081333056854,,0.0,0.0,0.0
197,19.956695227770524,-574.3625466,0.0994716558446249,-205678.05683557512,0.0,235127.1381024269,0.0,23388.4857610562,418.10480552799584,409.370596140516,0.0,0.0,0.0,0.0,14.114325809039945,316.02152033,95887076.70099206,0.101325,10.18221043167679,13.866516980506333,14.144601078719925,316.02152033,316.02152033,316.02152033,316.02152033,1.6068902688929299,2.0774162799366134,0.2780840982135917,,0.0,0.0,0.0
198,20.05616688361515,-574.3625466,0.0994716558446249,-205678.05683557512,0.0,234975.3022570255,0.0,23373.382398097554,417.8348099114708,409.1062407324202,0.0,0.0,0.0,0.0,14.084050539359964,316.02152033,95681398.64415649,0.101325,10.151943087730894,13.835232687949217,14.114325809039945,316.02152033,316.02152033,316.02152033,316.02152033,1.6103095596799235,2.0729800405384005,0.27909312109072815,,0.0,0.0,0.0
199,20.155638539459773,-574.3625466,0.0994716558446249,-205678.05683557512,0.0,234822.9102623058,0.0,23358.223714045318,417.56382534613937,408.8409170346585,0.0,0.0,0.0,0.0,14.053775269679981,316.02152033,95475720.58732091,0.101325,10.121655345997087,13.803942085942545,14.084050539359964,316.02152033,316.02152033,316.02152033,316.02152033,1.6137456026588353,2.0685411372866227,0.2801084534174194,,0.0,0.0,0.0
200,20.255110195304397,-574.3625466,0.0994716558446249,-205678.05683557512,0.0,234669.95760460637,0.0,23343.009259918123,417.29184380577567,408.574617188673,0.0,0.0,0.0,0.0,14.0235,316.02152033,95270042.53048533,0.101325,10.091347033808514,13.77264512222733,14.053775269679981,316.02152033,316.02152033,316.02152033,316.02152033,1.617198522763614,2.064099565655201,0.28113014745265197,,0.0,0.0,0.0
